"airport","domestic","international","total","year","airport_clean","province","international_share","lat","lon","pop_total","passenger_per_1000"
"İstanbul Atatürk",0,0,0,2025,"ISTANBUL ATATURK","ISTANBUL",NA,40.9769,28.8146,15754053,0
"İstanbul (*)",17876581,66637356,84513937,2025,"ISTANBUL","ISTANBUL",0.788477715811535,41.2753,28.752,15754053,5364.58376774535
"İstanbul Sabiha Gökçen (*)",21193145,27214173,48407318,2025,"ISTANBUL SABIHA GOKCEN","ISTANBUL",0.562191299257687,40.8986,29.3092,15754053,3072.68980242735
"Ankara Esenboğa",10318983,3607697,13926680,2025,"ANKARA ESENBOGA","ANKARA",0.259049321159099,40.1281,32.9951,5910320,2356.33265203915
"İzmir Adnan Menderes",7584560,5081100,12665660,2025,"IZMIR ADNAN MENDERES","IZMIR",0.401171356249891,38.2924,27.157,4504185,2811.9759734558
"Antalya",6848287,32151890,39000177,2025,"ANTALYA","ANTALYA",0.824403694372977,36.8987,30.8005,2777677,14040.5731119925
"Gazipaşa Alanya (*)",430817,561566,992383,2025,"GAZIPASA ALANYA","ANTALYA",0.56587627962188,36.2993,32.3014,2777677,357.27084178614
"Muğla Dalaman",1949913,3627229,5577142,2025,"MUGLA DALAMAN","MUGLA",0.650374152209142,36.7131,28.7925,1099547,5072.21792247171
"Muğla Milas-Bodrum",2540757,1817145,4357902,2025,"MUGLA MILAS-BODRUM","MUGLA",0.4169770224296,37.2506,27.6643,1099547,3963.36127514331
"Adana",0,0,0,2025,"ADANA","ADANA",NA,36.9822,35.2804,2283609,0
"Çukurova (*)",4143871,1290199,5434070,2025,"CUKUROVA","MERSIN",0.237427747526256,36.8981,35.0683,1956428,2777.54663090081
"Trabzon",3029171,845469,3874640,2025,"TRABZON","TRABZON",0.218205820411703,40.9951,39.7897,823323,4706.09955023727
"Erzurum",1253276,14836,1268112,2025,"ERZURUM","ERZURUM",0.0116992820823397,39.9555,41.1702,736877,1720.92764464083
"Gaziantep",2602315,465905,3068220,2025,"GAZIANTEP","GAZIANTEP",0.151848628846693,36.9472,37.4786,2222415,1380.57923475139
"Adıyaman",385447,2813,388260,2025,"ADIYAMAN","ADIYAMAN",0.00724514500592387,37.7314,38.4689,617821,628.434449460281
"Ağrı Ahmed-i Hani",395285,1126,396411,2025,"AGRI AHMED-I HANI","AGRI",0.00284048626299472,39.6544,43.0258,491489,806.551113046274
"Amasya Merzifon",137465,17489,154954,2025,"AMASYA MERZIFON","AMASYA",0.112865753707552,40.8294,35.5219,342242,452.761496251191
"Aydın Çıldır (*)",0,0,0,2025,"AYDIN CILDIR","AYDIN",NA,37.8153,27.8894,1172107,0
"Balıkesir Koca Seyit",230146,56111,286257,2025,"BALIKESIR KOCA SEYIT","BALIKESIR",0.196016167290232,39.555,27.0142,1284517,222.851857935707
"Balıkesir Merkez",0,0,0,2025,"BALIKESIR MERKEZ","BALIKESIR",NA,39.6186,27.925,1284517,0
"Batman",732771,4530,737301,2025,"BATMAN","BATMAN",0.00614403072829143,37.9286,41.1167,662626,1112.6955477147
"Bingöl",188678,1590,190268,2025,"BINGOL","BINGOL",0.00835663380074421,38.8603,40.5925,282299,673.994594383969
"Bursa Yenişehir",193997,52546,246543,2025,"BURSA YENISEHIR","BURSA",0.213131177928394,40.2553,29.5625,3263011,75.5569012792173
"Çanakkale",187623,4811,192434,2025,"CANAKKALE","CANAKKALE",0.0250007794880323,40.1377,26.4268,573976,335.264889124284
"Çanakkale Gökçeada",0,0,0,2025,"CANAKKALE GOKCEADA","CANAKKALE",NA,40.1994,25.8789,573976,0
"Denizli Çardak",427722,31339,459061,2025,"DENIZLI CARDAK","DENIZLI",0.0682676158506168,37.7856,29.7014,1060975,432.678432573812
"Diyarbakır",2079321,213372,2292693,2025,"DIYARBAKIR","DIYARBAKIR",0.0930661017414892,37.8939,40.2011,1852356,1237.71726385209
"Elazığ",1020481,84229,1104710,2025,"ELAZIG","ELAZIG",0.0762453494582289,38.6053,39.2906,605678,1823.92294255363
"Erzincan Yıldırım Akbulut",457731,2691,460422,2025,"ERZINCAN YILDIRIM AKBULUT","ERZINCAN",0.00584463817975683,39.7125,39.5264,239625,1921.42723004695
"Eskişehir Hasan Polatkan (*)",0,110564,110564,2025,"ESKISEHIR HASAN POLATKAN","ESKISEHIR",1,39.8147,30.5283,927956,119.147890632746
"Hakkari Yüksekova Selahaddin Eyyubi",172307,0,172307,2025,"HAKKARI YUKSEKOVA SELAHADDIN EYYUBI","HAKKARI",0,37.55,44.2361,279681,616.084038601121
"Hatay",478185,28314,506499,2025,"HATAY","HATAY",0.0559013936848839,36.3622,36.2825,1577531,321.070711130241
"Iğdır Şehit Bülent Aydın",385438,0,385438,2025,"IGDIR SEHIT BULENT AYDIN","IGDIR",0,39.9814,43.8753,205071,1879.53440515724
"Isparta Süleyman Demirel",58237,10402,68639,2025,"ISPARTA SULEYMAN DEMIREL","ISPARTA",0.151546496889523,37.855,30.3686,445303,154.139990074174
"Kahramanmaraş",325197,3406,328603,2025,"KAHRAMANMARAS","KAHRAMANMARAS",0.0103650910064729,37.5386,36.9531,1146278,286.669551365376
"Kapadokya",748550,5939,754489,2025,"KAPADOKYA","NEVSEHIR",0.00787155279931185,38.7708,34.5336,320150,2356.67343432766
"Kars Harakani",604870,302,605172,2025,"KARS HARAKANI","KARS",0.000499031680249582,40.5619,43.115,268991,2249.78530880215
"Kastamonu",55675,3304,58979,2025,"KASTAMONU","KASTAMONU",0.056019939300429,41.3142,33.7958,379934,155.234856580353
"Kayseri",2216868,548883,2765751,2025,"KAYSERI","KAYSERI",0.198457127919325,38.7703,35.4956,1458991,1895.6600828929
"Kocaeli Cengiz Topel",0,3746,3746,2025,"KOCAELI CENGIZ TOPEL","KOCAELI",1,40.7344,30.0164,2161171,1.73331957535984
"Konya",765287,204940,970227,2025,"KONYA","KONYA",0.211228918593278,37.9794,32.5619,2343409,414.023757696586
"Malatya",837346,12611,849957,2025,"MALATYA","MALATYA",0.0148372211770713,38.435,38.0906,755854,1124.49891116538
"Mardin Prof. Dr. Aziz Sancar",839183,6282,845465,2025,"MARDIN PROF. DR. AZIZ SANCAR","MARDIN",0.00743023070144832,37.2242,40.6386,903576,935.687756204237
"Muş Sultan Alparslan",634298,3505,637803,2025,"MUS SULTAN ALPARSLAN","MUS",0.00549542727143021,38.7483,41.6611,389127,1639.06128333423
"Ordu-Giresun",1117152,46148,1163300,2025,"ORDU-GIRESUN","ORDU",0.0396699045817932,40.9667,38.0789,768087,1514.54197245885
"Rize-Artvin",1129518,31617,1161135,2025,"RIZE-ARTVIN","RIZE",0.0272293919311708,41.1394,40.8286,346947,3346.72154536572
"Samsun Çarşamba",1443916,196179,1640095,2025,"SAMSUN CARSAMBA","SAMSUN",0.119614412579759,41.2658,36.5492,1392403,1177.88815450699
"Siirt",65517,0,65517,2025,"SIIRT","SIIRT",0,37.9781,41.8389,332369,197.121271839431
"Sinop",115578,905,116483,2025,"SINOP","SINOP",0.00776937407175296,42.0158,35.0664,225848,515.75838617123
"Sivas Nuri Demirağ",492976,9654,502630,2025,"SIVAS NURI DEMIRAG","SIVAS",0.0192069713308,39.8136,36.9036,631401,796.055121863918
"Şanlıurfa Gap",1032515,27438,1059953,2025,"SANLIURFA GAP","SANLIURFA",0.0258860534382185,37.4522,38.9083,2265800,467.80519021979
"Şırnak Şerafettin Elçi",420516,644,421160,2025,"SIRNAK SERAFETTIN ELCI","SIRNAK",0.00152911007693038,37.3653,42.0583,573666,734.155414474625
"Tekirdağ Çorlu Atatürk",29306,468,29774,2025,"TEKIRDAG CORLU ATATURK","TEKIRDAG",0.015718412037348,41.1392,27.9122,1208441,24.6383563616263
"Tokat",169218,5401,174619,2025,"TOKAT","TOKAT",0.0309301965994537,40.3061,36.3689,614141,284.330471341272
"Uşak",0,0,0,2025,"USAK","USAK",NA,38.6806,29.4719,374405,0
"Van Ferit Melen",1157856,6544,1164400,2025,"VAN FERIT MELEN","VAN",0.00562006183442116,38.4681,43.3322,1112013,1047.11006076368
"Zafer (*)",39230,39589,78819,2025,"ZAFER","KUTAHYA",0.50227736966975,39.0558,30.1008,570478,138.163084290718
"Zonguldak Çaycuma (*)",31102,108379,139481,2025,"ZONGULDAK CAYCUMA","ZONGULDAK",0.777016224432001,41.5064,32.0886,585203,238.346351607904
